CustomerID,Age,Gender,PurchaseAmount,PurchaseFrequency,WebsiteVisits,TimeOnSite,BounceRate,State,Date
1,56,Female,3607,11,6,11.28,53.33,Borno,2024-04-12
2,69,Male,695,9,19,12.5,40.56,Osun,2024-12-14
3,46,Male,3040,9,38,5.19,16.92,Edo,2024-09-27
4,32,Male,1949,6,28,12.89,97.75,Delta,2024-04-16
5,60,Male,2554,6,2,11.86,85.33,Delta,2024-03-12
6,25,Male,2822,4,38,4.51,49.83,Abuja,2024-07-07
7,38,Male,1204,4,37,2.13,60.32,Ekiti,2024-01-21
8,56,Male,637,5,4,12.48,22.73,Ekiti,2024-04-12
9,36,Male,4621,3,22,15.51,54.38,Rivers,2024-05-01
10,40,Female,1871,1,26,10.94,69.5,Benue,2024-08-02
11,28,Female,1035,1,49,5.31,51.52,Anambra,2024-11-26
12,28,Female,4129,7,43,13.66,99.03,Abuja,2024-03-28
13,41,Female,3398,1,36,2.52,61.13,Ekiti,2024-04-09
14,53,Male,3881,1,13,9.39,37.1,Cross River,2024-12-25
15,57,Male,1291,3,32,4.1,77.22,Ondo,2024-05-31
16,41,Female,239,10,17,4.5,17.05,Edo,2024-05-10
17,20,Female,1030,4,41,4.84,38.45,Ondo,2024-05-29
18,39,Female,1748,4,36,8.35,34.7,Lagos,2024-11-04
19,19,Male,1765,2,46,1.97,43.18,Imo,2024-09-14
20,41,Male,2643,1,19,8.56,78.18,Borno,2024-12-09
21,61,Male,4186,3,35,10.72,48.42,Benue,2024-10-20
22,47,Male,4483,11,46,10.18,79.4,Kaduna,2024-07-10
23,55,Female,1148,4,40,8.27,57.65,Delta,2024-10-03
24,19,Female,2376,3,28,16.94,34.21,Edo,2024-06-09
25,38,Male,3297,8,1,3.76,81.0,Osun,2024-11-09
26,50,Female,945,10,42,10.61,23.83,Ogun,2024-01-22
27,29,Female,1724,1,18,2.18,22.44,Ekiti,2024-09-09
28,39,Male,2959,2,48,2.35,50.45,Ekiti,2024-08-23
29,61,Male,980,7,40,11.9,26.08,Kaduna,2024-12-10
30,42,Male,4434,4,33,11.75,0.91,Osun,2024-02-18
31,66,Male,773,8,12,17.68,64.83,Kogi,2024-02-28
32,44,Male,2990,11,8,11.6,51.11,Kaduna,2024-06-18
33,59,Male,1139,3,24,19.24,44.55,Ekiti,2024-07-06
34,45,Male,4628,6,16,1.93,96.7,Kogi,2024-09-27
35,33,Male,985,9,4,2.86,57.12,Abia,2024-07-08
36,32,Female,2345,1,38,1.84,86.34,Kano,2024-06-23
37,64,Male,205,1,44,4.52,13.95,Ondo,2024-02-20
38,68,Female,1120,8,27,11.28,56.92,Enugu,2024-12-29
39,61,Male,2008,3,9,13.27,86.8,Enugu,2024-02-24
40,69,Female,2551,5,47,1.87,58.31,Oyo,2024-08-31
41,20,Male,4269,1,16,18.97,71.8,Kano,2024-11-15
42,54,Male,3880,5,12,17.0,37.2,Ekiti,2024-05-10
43,68,Female,904,11,31,6.64,9.24,Enugu,2024-11-02
44,24,Female,689,6,24,2.47,45.79,Kaduna,2024-05-14
45,38,Female,2288,8,14,4.23,39.45,Cross River,2024-01-21
46,26,Male,1652,3,45,3.41,86.71,Edo,2024-11-24
47,56,Male,491,3,25,3.34,24.4,Anambra,2024-06-15
48,35,Female,4678,11,34,10.85,96.67,Imo,2024-09-30
49,21,Female,1386,11,3,5.67,95.81,Lagos,2024-03-29
50,42,Female,3750,10,24,7.8,24.76,Ogun,2024-11-11
51,31,Female,998,9,42,19.8,34.81,Anambra,2024-01-14
52,67,Male,3423,4,9,14.0,89.56,Borno,2024-08-29
53,26,Female,509,4,26,19.03,96.66,Benue,2024-09-21
54,43,Male,4696,7,20,3.71,44.34,Osun,2024-12-11
55,19,Male,442,2,40,8.26,32.1,Ogun,2024-02-22
56,37,Male,3988,8,10,11.54,52.61,Osun,2024-12-05
57,45,Female,1837,6,19,2.46,68.78,Edo,2024-04-01
58,64,Male,4990,3,3,1.08,27.35,Borno,2024-09-20
59,24,Male,2307,9,24,13.74,73.65,Anambra,2024-02-04
60,61,Female,1188,5,5,13.19,5.17,Cross River,2024-07-24
61,25,Male,3858,8,3,8.8,4.93,Imo,2024-03-21
62,64,Female,4791,7,27,10.3,38.63,Osun,2024-02-19
63,52,Male,2504,8,16,8.89,35.35,Anambra,2024-12-25
64,31,Male,1516,7,49,1.46,31.56,Osun,2024-01-02
65,34,Female,3724,3,15,7.37,49.1,Abia,2024-02-23
66,53,Male,1427,2,35,4.36,32.07,Edo,2024-04-15
67,67,Male,2647,7,12,2.87,19.23,Oyo,2024-09-16
68,57,Male,191,3,41,19.18,30.95,Oyo,2024-11-05
69,21,Male,2709,3,44,12.39,97.49,Delta,2024-07-09
70,19,Female,4646,2,26,14.84,41.11,Rivers,2024-08-05
71,23,Male,889,4,47,6.99,44.47,Benue,2024-02-13
72,59,Female,3668,8,34,8.47,57.65,Benue,2024-06-10
73,21,Male,3967,1,23,5.5,98.33,Anambra,2024-07-20
74,46,Female,645,1,31,2.84,24.16,Ondo,2024-09-26
75,35,Female,1954,5,20,4.4,68.13,Delta,2024-12-16
76,43,Female,330,11,12,16.15,71.6,Enugu,2024-10-30
77,61,Male,473,5,23,13.87,60.73,Borno,2024-09-27
78,51,Male,4415,11,4,11.39,8.86,Osun,2024-08-02
79,27,Male,4299,1,23,10.03,67.69,Benue,2024-09-08
80,53,Female,1800,6,48,18.53,6.41,Enugu,2024-07-08
81,31,Female,4807,1,48,2.38,59.61,Cross River,2024-10-22
82,48,Female,2017,5,1,6.33,73.96,Ondo,2024-07-31
83,65,Male,4138,9,25,7.65,21.1,Oyo,2024-07-26
84,32,Female,4228,5,2,15.87,84.16,Benue,2024-08-24
85,25,Female,2996,6,30,19.86,3.04,Kogi,2024-12-03
86,31,Male,1499,8,3,5.57,84.38,Imo,2024-02-22
87,40,Male,2381,11,21,17.61,46.03,Kano,2024-10-06
88,57,Female,2270,1,25,16.78,21.76,Abuja,2024-08-04
89,38,Female,3839,2,20,5.27,13.38,Oyo,2024-09-08
90,33,Female,2860,9,49,8.59,95.33,Kaduna,2024-07-06
91,62,Male,4778,3,22,8.78,7.27,Cross River,2024-02-10
92,35,Female,1581,6,21,19.59,19.91,Osun,2024-06-05
93,64,Male,4932,5,33,4.44,34.78,Edo,2024-01-15
94,41,Male,3040,11,38,16.18,62.02,Imo,2024-10-27
95,43,Male,4543,2,15,7.35,54.48,Kogi,2024-03-05
96,42,Female,1193,7,46,14.89,12.56,Borno,2024-12-10
97,62,Female,983,4,15,8.98,28.97,Benue,2024-11-22
98,58,Female,1510,1,46,11.99,23.88,Oyo,2024-01-09
99,46,Male,2773,4,25,16.82,21.35,Imo,2024-12-09
100,32,Female,2562,6,21,16.28,41.11,Kaduna,2024-05-08
101,62,Male,335,7,24,17.46,70.4,Delta,2024-05-15
102,18,Female,314,7,5,2.13,21.75,Osun,2024-03-03
103,42,Male,2417,7,6,14.15,36.67,Ogun,2024-05-18
104,24,Male,3497,3,49,3.66,39.09,Edo,2024-03-21
105,26,Male,4966,6,43,8.9,97.65,Imo,2024-06-11
106,41,Male,1812,8,48,11.42,95.47,Abia,2024-10-15
107,18,Female,3098,4,44,8.65,80.01,Ogun,2024-09-17
108,61,Female,2431,8,47,10.87,24.17,Enugu,2024-08-18
109,25,Male,2319,2,23,19.93,6.8,Kaduna,2024-02-10
110,41,Female,90,10,4,3.57,31.69,Cross River,2024-01-28
111,28,Male,117,9,27,13.83,26.68,Abuja,2024-05-14
112,68,Female,1037,9,18,8.52,50.59,Kogi,2024-07-19
113,34,Female,4058,8,21,3.53,77.77,Edo,2024-11-23
114,25,Female,3248,10,28,4.02,85.83,Lagos,2024-09-24
115,52,Male,4840,10,35,19.04,84.49,Benue,2024-02-02
116,52,Female,2574,1,22,17.71,35.97,Abuja,2024-02-17
117,50,Female,1135,2,40,18.23,68.72,Cross River,2024-03-02
118,22,Male,2529,6,23,19.84,31.28,Enugu,2024-08-03
119,59,Male,1743,10,3,4.96,6.09,Anambra,2024-10-19
120,56,Female,2365,5,40,7.75,70.16,Ogun,2024-04-08
121,58,Female,828,9,10,13.72,0.98,Enugu,2024-06-20
122,45,Female,4639,5,25,10.19,40.92,Kano,2024-12-25
123,24,Female,1635,2,49,8.95,32.94,Oyo,2024-08-01
124,26,Female,1542,10,8,7.8,69.34,Imo,2024-02-04
125,25,Male,710,4,11,12.28,76.62,Abuja,2024-08-14
126,29,Male,1398,9,5,11.94,30.41,Anambra,2024-04-10
127,51,Male,1349,1,45,4.07,81.16,Benue,2024-05-10
128,50,Female,3990,11,37,9.96,29.39,Benue,2024-09-13
129,65,Male,2036,1,45,11.52,44.63,Anambra,2024-01-05
130,40,Female,2094,7,38,11.84,72.7,Borno,2024-08-05
131,41,Female,3566,11,29,4.99,69.29,Kano,2024-09-11
132,54,Female,1108,3,5,15.1,98.74,Imo,2024-12-24
133,52,Male,1026,10,9,1.48,22.52,Cross River,2024-10-09
134,61,Female,4627,2,48,7.74,66.23,Ekiti,2024-07-25
135,57,Male,777,9,2,15.82,60.97,Benue,2024-01-15
136,39,Female,2577,3,1,11.71,91.51,Anambra,2024-12-11
137,44,Male,3186,2,40,5.96,15.64,Rivers,2024-02-11
138,52,Male,392,8,30,14.2,75.18,Borno,2024-06-27
139,18,Female,1497,10,11,11.78,56.83,Kogi,2024-03-03
140,52,Male,2429,6,28,16.13,27.47,Oyo,2024-12-17
141,54,Male,3709,6,44,14.97,47.44,Oyo,2024-08-18
142,64,Female,576,10,12,12.59,33.38,Delta,2024-08-28
143,31,Female,1946,11,39,10.28,57.93,Ondo,2024-02-21
144,20,Female,4804,7,26,3.53,88.9,Abuja,2024-04-05
145,18,Female,2123,7,13,5.97,56.93,Rivers,2024-08-09
146,22,Female,4965,11,8,8.96,63.17,Kaduna,2024-08-18
147,43,Male,455,6,28,12.39,51.87,Anambra,2024-08-24
148,31,Male,1623,4,30,10.76,5.12,Edo,2024-05-22
149,56,Male,4650,11,9,6.48,23.29,Edo,2024-06-19
150,44,Female,3790,9,39,1.12,49.2,Benue,2024-01-29
151,26,Female,4324,6,31,10.43,31.02,Edo,2024-02-05
152,32,Male,4277,4,21,6.43,18.18,Abia,2024-01-13
153,32,Male,1896,3,47,14.96,50.41,Kano,2024-06-08
154,43,Female,1528,4,34,1.45,32.28,Cross River,2024-11-22
155,59,Male,2445,3,31,12.11,25.81,Abia,2024-07-05
156,30,Female,821,2,25,18.89,46.4,Abia,2024-08-30
157,68,Female,628,5,12,4.31,13.33,Ondo,2024-03-26
158,49,Female,2951,2,1,9.96,92.77,Oyo,2024-10-10
159,56,Male,243,6,22,2.74,86.77,Osun,2024-03-06
160,66,Female,2057,3,40,12.89,70.76,Edo,2024-06-18
161,69,Female,1235,6,37,11.46,10.62,Osun,2024-02-14
162,49,Female,2444,11,47,8.74,77.59,Cross River,2024-03-02
163,21,Female,3048,10,1,10.91,80.8,Imo,2024-05-13
164,47,Female,1842,9,1,18.03,76.78,Osun,2024-10-10
165,54,Female,1160,1,42,4.73,11.4,Kogi,2024-01-28
166,40,Male,4055,6,42,1.43,64.39,Enugu,2024-04-17
167,56,Female,2311,9,21,17.37,83.43,Anambra,2024-02-13
168,62,Female,3786,11,15,11.97,57.74,Anambra,2024-12-05
169,32,Male,3843,4,17,17.92,64.64,Benue,2024-10-12
170,60,Female,1986,11,22,12.34,45.84,Ekiti,2024-11-26
171,46,Female,4925,2,38,16.39,52.87,Borno,2024-05-07
172,53,Female,4407,4,35,9.16,3.44,Enugu,2024-12-13
173,30,Male,779,1,45,15.25,63.9,Ogun,2024-08-18
174,49,Male,4428,3,16,18.35,8.14,Lagos,2024-07-08
175,24,Female,3501,10,8,11.87,43.5,Anambra,2024-08-12
176,68,Female,4507,9,47,4.43,29.27,Rivers,2024-10-09
177,39,Male,4586,10,17,6.11,54.54,Kaduna,2024-04-30
178,45,Female,2190,5,17,4.77,13.34,Imo,2024-04-25
179,19,Female,1694,11,26,5.69,69.16,Enugu,2024-08-20
180,59,Female,2850,6,13,6.82,79.5,Borno,2024-09-15
181,62,Female,191,3,17,11.55,16.34,Anambra,2024-12-24
182,23,Male,1505,5,38,12.17,10.43,Enugu,2024-07-16
183,45,Male,4846,11,17,9.1,14.55,Lagos,2024-05-16
184,45,Male,2146,8,48,12.69,87.71,Enugu,2024-11-13
185,61,Female,1375,6,14,2.55,52.82,Kogi,2024-06-13
186,61,Male,1263,4,45,2.67,46.73,Delta,2024-08-12
187,37,Male,1209,2,6,4.26,10.67,Benue,2024-11-02
188,47,Male,4700,9,35,10.84,64.96,Kano,2024-08-21
189,28,Female,4549,1,46,5.07,86.8,Rivers,2024-06-20
190,45,Female,4747,1,14,6.38,82.82,Rivers,2024-05-31
191,42,Male,390,4,47,8.61,62.61,Ekiti,2024-11-10
192,56,Male,3878,7,8,16.43,7.53,Abia,2024-06-08
193,50,Female,2018,1,15,1.26,11.24,Borno,2024-04-05
194,18,Male,753,9,27,13.34,4.93,Kaduna,2024-08-20
195,44,Male,4463,4,13,13.71,25.75,Enugu,2024-06-28
196,69,Male,2479,3,49,16.17,13.57,Osun,2024-04-22
197,30,Male,1850,1,31,18.72,26.0,Lagos,2024-11-13
198,58,Male,4962,10,35,1.38,38.51,Benue,2024-02-21
199,20,Male,4698,4,6,3.92,94.3,Abuja,2024-09-24
200,56,Male,905,9,5,17.84,61.04,Enugu,2024-10-21
201,23,Female,1862,10,22,9.71,83.5,Kogi,2024-04-22
202,25,Male,2916,6,49,11.73,71.04,Ekiti,2024-04-10
203,44,Female,3692,6,23,13.6,11.25,Abuja,2024-04-22
204,26,Female,232,1,25,13.9,73.59,Enugu,2024-03-21
205,54,Male,3162,10,34,18.7,27.51,Ondo,2024-07-05
206,50,Female,4542,2,26,19.94,63.91,Kogi,2024-04-22
207,68,Male,1567,11,47,14.68,34.1,Abuja,2024-01-02
208,59,Female,1406,6,5,6.46,99.77,Enugu,2024-05-09
209,61,Male,2224,2,26,17.72,26.36,Rivers,2024-08-07
210,41,Male,3679,3,20,1.94,27.91,Kogi,2024-02-23
211,32,Male,3678,4,6,5.39,93.07,Abuja,2024-12-08
212,49,Female,4146,11,6,18.05,2.46,Osun,2024-08-11
213,49,Female,3289,5,18,5.87,69.67,Enugu,2024-08-12
214,41,Female,3741,9,4,5.19,72.53,Ekiti,2024-05-05
215,58,Male,68,4,17,3.62,83.64,Kaduna,2024-05-09
216,69,Female,3453,11,14,17.32,97.44,Anambra,2024-02-22
217,66,Male,4729,9,14,10.5,97.56,Benue,2024-06-20
218,66,Female,4601,11,13,13.82,6.53,Abia,2024-08-05
219,69,Male,3054,10,7,5.54,82.18,Enugu,2024-06-08
220,29,Male,1182,3,44,15.4,64.63,Oyo,2024-07-16
221,56,Male,3389,8,15,15.44,64.73,Edo,2024-09-03
222,19,Male,3361,1,19,6.94,12.83,Ekiti,2024-11-19
223,20,Female,3422,11,43,8.8,65.02,Kaduna,2024-07-21
224,66,Male,1037,9,47,4.98,98.25,Abuja,2024-07-02
225,54,Female,3371,9,44,19.55,91.18,Delta,2024-05-02
226,66,Male,4665,10,35,13.27,43.91,Kogi,2024-09-11
227,34,Female,223,2,17,18.76,3.99,Oyo,2024-10-20
228,66,Male,3791,4,35,6.76,36.23,Enugu,2024-10-06
229,19,Male,3102,8,19,15.86,82.64,Enugu,2024-11-20
230,19,Female,776,7,20,15.55,70.15,Abia,2024-04-07
231,45,Male,3810,1,36,14.14,45.93,Oyo,2024-07-16
232,40,Male,1925,5,35,19.35,5.51,Kogi,2024-08-27
233,54,Female,4083,7,32,8.48,42.69,Kogi,2024-05-23
234,49,Female,1039,4,48,3.48,46.9,Enugu,2024-04-06
235,50,Male,3794,1,44,13.76,92.86,Abuja,2024-07-19
236,18,Male,2736,9,40,14.86,64.11,Abia,2024-05-03
237,36,Female,469,5,24,11.93,31.17,Rivers,2024-07-05
238,19,Male,643,11,17,4.93,52.53,Oyo,2024-11-21
239,61,Male,1824,2,7,10.58,6.61,Anambra,2024-12-14
240,43,Male,2509,8,43,6.93,97.26,Kaduna,2024-09-15
241,49,Female,985,11,1,9.12,36.01,Enugu,2024-05-27
242,23,Female,3858,2,35,13.26,47.79,Delta,2024-09-08
243,49,Male,381,3,32,15.16,35.53,Lagos,2024-12-11
244,21,Male,3499,10,36,5.41,68.25,Lagos,2024-05-26
245,28,Male,2752,1,13,8.7,66.22,Abia,2024-05-27
246,34,Female,4056,11,6,6.11,71.53,Oyo,2024-12-17
247,55,Male,3918,2,14,4.77,26.81,Cross River,2024-07-17
248,41,Male,4250,7,37,15.88,31.57,Borno,2024-11-03
249,22,Female,251,10,48,18.28,12.53,Kogi,2024-05-07
250,69,Male,2547,2,15,8.03,65.55,Lagos,2024-02-08
251,51,Female,1892,6,47,15.27,3.98,Lagos,2024-12-03
252,23,Male,1916,3,4,18.04,59.77,Ekiti,2024-12-25
253,39,Male,2046,4,40,17.08,86.97,Kaduna,2024-05-08
254,28,Male,959,11,16,4.47,89.08,Imo,2024-09-23
255,65,Female,4355,8,28,19.17,44.9,Lagos,2024-05-30
256,33,Female,4708,3,16,8.16,45.93,Imo,2024-10-24
257,50,Female,3239,10,4,7.45,7.7,Kano,2024-04-08
258,26,Male,820,6,45,2.19,67.08,Cross River,2024-09-19
259,23,Female,3205,1,26,10.24,82.13,Delta,2024-09-08
260,33,Male,2551,7,28,3.07,24.47,Ogun,2024-05-23
261,46,Male,2764,8,32,5.72,42.13,Anambra,2024-12-11
262,20,Female,4774,11,45,7.02,83.88,Ogun,2024-04-21
263,37,Male,3635,8,2,16.37,87.71,Rivers,2024-02-29
264,53,Male,1678,3,31,17.63,24.32,Kaduna,2024-01-02
265,36,Male,436,10,3,6.75,55.06,Anambra,2024-10-30
266,43,Male,3471,1,8,17.32,19.25,Abuja,2024-09-10
267,20,Male,4058,9,24,17.29,10.19,Kaduna,2024-05-19
268,36,Female,4143,6,15,15.53,91.11,Rivers,2024-02-06
269,37,Male,4413,11,43,3.79,82.05,Rivers,2024-06-08
270,49,Female,2516,9,31,14.12,76.0,Oyo,2024-01-09
271,24,Female,2332,7,9,18.96,4.88,Imo,2024-08-20
272,69,Male,1906,1,39,13.97,84.37,Ekiti,2024-04-08
273,58,Male,2048,1,45,7.3,43.8,Kaduna,2024-05-26
274,50,Male,1286,6,2,10.51,34.24,Enugu,2024-10-30
275,57,Female,4719,5,8,13.27,54.65,Imo,2024-07-26
276,56,Male,4194,9,7,10.7,9.14,Lagos,2024-05-10
277,35,Female,1200,2,44,3.28,75.66,Ogun,2024-05-31
278,57,Male,4368,8,39,6.93,58.24,Rivers,2024-02-23
279,18,Female,1481,11,42,16.25,18.66,Anambra,2024-04-29
280,28,Male,1869,5,16,17.37,18.82,Ogun,2024-06-09
281,45,Male,2374,2,35,3.61,18.42,Osun,2024-04-25
282,42,Female,1180,10,30,19.1,5.7,Ogun,2024-03-15
283,67,Female,2708,11,10,7.25,58.78,Osun,2024-04-22
284,40,Male,3550,11,38,13.58,84.03,Imo,2024-04-13
285,48,Female,424,6,18,15.28,1.75,Edo,2024-12-05
286,47,Male,2170,10,5,16.43,4.9,Kano,2024-09-10
287,59,Female,4070,8,29,18.97,57.28,Abia,2024-08-14
288,52,Female,2071,4,39,6.95,81.95,Lagos,2024-04-21
289,24,Male,3755,2,34,17.31,32.67,Abuja,2024-04-08
290,33,Male,3309,11,43,3.5,34.96,Ondo,2024-06-01
291,43,Male,3485,5,45,14.4,59.63,Borno,2024-12-14
292,65,Female,1939,2,23,15.1,27.42,Cross River,2024-12-31
293,69,Female,1873,2,5,13.88,2.66,Ogun,2024-12-03
294,66,Male,1524,6,30,5.79,73.52,Anambra,2024-07-12
295,19,Male,2292,11,6,17.59,62.56,Ekiti,2024-11-05
296,18,Female,3293,10,46,4.21,58.08,Lagos,2024-06-11
297,65,Female,3184,9,44,2.02,74.17,Kaduna,2024-07-26
298,29,Female,2120,4,4,14.63,67.52,Ekiti,2024-06-17
299,22,Male,409,6,29,10.03,20.59,Ogun,2024-06-09
300,54,Male,2091,7,23,17.13,35.25,Kano,2024-03-08
301,49,Male,1191,11,6,8.28,12.61,Ondo,2024-10-15
302,26,Female,1685,6,32,4.2,12.99,Abia,2024-10-03
303,58,Male,4050,8,42,16.89,67.62,Anambra,2024-10-30
304,52,Female,1993,4,18,11.43,85.86,Kano,2024-05-14
305,36,Male,4824,1,15,4.59,96.27,Osun,2024-07-13
306,65,Female,3411,7,40,14.69,62.83,Ogun,2024-05-07
307,33,Female,3030,3,32,10.71,18.41,Benue,2024-02-02
308,20,Female,56,6,9,12.48,10.57,Benue,2024-06-24
309,37,Male,3317,2,37,9.76,81.29,Kogi,2024-01-22
310,41,Male,1641,9,10,16.75,57.88,Anambra,2024-08-25
311,50,Male,4978,1,20,16.76,61.83,Edo,2024-06-06
312,41,Female,3314,6,6,14.48,78.15,Anambra,2024-02-07
313,69,Female,2656,6,48,3.0,70.33,Imo,2024-08-17
314,28,Female,3269,5,3,16.94,83.45,Kogi,2024-12-30
315,66,Female,3323,5,42,13.75,5.62,Abuja,2024-02-20
316,25,Female,963,1,11,14.24,74.75,Borno,2024-09-20
317,53,Male,2061,10,43,7.9,85.09,Borno,2024-10-09
318,55,Female,1492,5,17,17.71,28.61,Kogi,2024-01-27
319,57,Male,3104,2,32,14.78,64.04,Oyo,2024-08-13
320,37,Male,3596,7,4,3.14,31.42,Rivers,2024-10-03
321,52,Female,4271,3,4,8.75,95.8,Benue,2024-10-12
322,65,Male,4962,4,17,17.84,3.34,Kogi,2024-04-06
323,42,Male,2978,3,41,1.9,57.98,Ekiti,2024-10-10
324,52,Female,1879,3,19,19.27,16.65,Kaduna,2024-11-12
325,42,Male,625,4,5,13.9,71.22,Oyo,2024-10-30
326,46,Female,979,5,32,13.0,17.59,Lagos,2024-05-26
327,35,Male,3809,1,22,6.14,23.54,Oyo,2024-01-04
328,63,Male,3749,4,6,5.73,49.44,Cross River,2024-02-04
329,35,Male,1513,11,35,18.9,91.48,Delta,2024-07-10
330,19,Male,3325,8,22,6.67,21.17,Ondo,2024-02-18
331,52,Female,4978,10,1,15.73,14.42,Edo,2024-01-17
332,33,Male,1104,7,20,8.47,75.9,Abia,2024-06-20
333,58,Female,1950,9,22,3.65,50.06,Osun,2024-08-07
334,53,Male,1507,5,48,1.2,91.18,Oyo,2024-06-06
335,50,Female,1449,10,11,11.34,14.66,Oyo,2024-02-15
336,21,Female,3465,4,13,19.54,64.59,Kano,2024-01-06
337,50,Female,492,8,42,8.01,23.29,Borno,2024-04-08
338,31,Male,3700,9,3,7.79,15.68,Lagos,2024-08-20
339,38,Male,4702,7,9,7.54,68.34,Ogun,2024-02-06
340,65,Male,1228,7,12,10.89,59.37,Rivers,2024-10-06
341,37,Female,4508,5,23,9.37,75.48,Benue,2024-12-14
342,25,Male,1307,4,14,17.72,30.95,Oyo,2024-10-28
343,24,Male,3684,10,33,10.6,44.8,Kogi,2024-06-29
344,20,Female,1891,1,18,10.65,40.55,Benue,2024-04-04
345,34,Male,2359,10,49,3.63,98.41,Borno,2024-04-08
346,50,Female,960,10,41,19.67,29.22,Cross River,2024-07-06
347,65,Male,4390,7,9,5.75,29.48,Enugu,2024-04-25
348,29,Male,4687,1,23,2.39,35.45,Enugu,2024-07-09
349,68,Female,4059,1,10,13.6,56.46,Kogi,2024-09-09
350,39,Male,2219,5,19,12.31,25.23,Rivers,2024-06-09
351,39,Female,2222,9,47,8.89,91.53,Imo,2024-09-12
352,63,Male,173,6,5,9.02,26.57,Lagos,2024-11-18
353,47,Male,3208,3,47,15.92,89.58,Ekiti,2024-05-07
354,55,Female,835,3,23,4.72,10.35,Cross River,2024-01-18
355,55,Female,2466,7,30,16.58,65.66,Delta,2024-10-07
356,62,Female,846,6,25,13.33,90.7,Delta,2024-08-10
357,68,Male,4222,9,28,8.96,16.87,Delta,2024-02-23
358,25,Female,4204,6,34,9.7,96.83,Borno,2024-02-27
359,44,Male,1986,5,45,5.88,45.29,Abuja,2024-11-18
360,44,Male,2206,10,48,15.29,94.57,Oyo,2024-12-25
361,51,Female,3857,7,47,10.74,67.68,Ondo,2024-06-22
362,38,Male,1351,1,25,7.1,30.16,Kano,2024-10-06
363,47,Female,4213,7,10,12.32,18.83,Kogi,2024-04-23
364,50,Male,3190,3,14,19.92,30.37,Oyo,2024-10-14
365,45,Male,3286,9,42,9.27,9.3,Kano,2024-12-07
366,64,Female,2402,6,46,18.49,14.39,Kogi,2024-05-30
367,50,Female,1982,9,30,7.56,10.47,Ondo,2024-05-06
368,22,Female,2771,5,41,2.04,42.29,Ekiti,2024-06-03
369,65,Female,414,7,25,4.88,79.56,Imo,2024-09-29
370,36,Female,4966,4,14,8.96,14.14,Borno,2024-04-13
371,21,Female,2440,7,35,5.17,13.03,Oyo,2024-10-25
372,52,Female,996,1,48,1.0,64.34,Ondo,2024-09-02
373,66,Male,1427,7,34,18.39,19.72,Cross River,2024-06-24
374,34,Male,1489,8,10,17.03,9.76,Cross River,2024-02-08
375,61,Male,3230,5,35,15.1,16.68,Enugu,2024-06-18
376,45,Female,4907,2,11,4.19,92.37,Ondo,2024-09-03
377,47,Female,390,5,11,3.29,82.15,Cross River,2024-01-26
378,46,Male,3039,6,21,2.28,35.41,Cross River,2024-12-20
379,63,Female,432,2,21,14.76,65.58,Imo,2024-11-01
380,23,Female,1606,6,22,18.65,53.73,Delta,2024-01-13
381,52,Male,349,6,45,9.18,67.71,Abuja,2024-11-11
382,58,Female,188,1,7,3.26,68.27,Edo,2024-11-08
383,54,Female,408,1,17,10.74,62.87,Imo,2024-02-05
384,41,Male,4981,11,2,7.63,26.61,Abuja,2024-06-21
385,46,Female,1572,10,12,8.12,3.9,Kogi,2024-01-20
386,66,Male,3506,3,42,12.81,45.56,Enugu,2024-11-16
387,63,Female,1677,10,18,14.66,89.1,Oyo,2024-09-20
388,48,Female,1353,10,11,3.1,56.95,Borno,2024-05-21
389,52,Female,1184,3,16,1.68,83.24,Kaduna,2024-05-22
390,50,Male,2236,4,49,19.89,99.16,Kogi,2024-04-01
391,69,Female,3220,2,18,5.42,16.36,Lagos,2024-12-19
392,38,Female,3885,9,35,2.02,69.18,Abuja,2024-11-17
393,49,Male,2201,10,26,4.61,67.43,Lagos,2024-10-14
394,40,Female,1287,11,16,1.74,98.0,Abia,2024-08-02
395,50,Male,3785,7,6,8.44,98.56,Abuja,2024-12-07
396,20,Female,2884,7,44,16.25,68.67,Imo,2024-02-20
397,35,Male,4310,6,43,7.48,24.36,Rivers,2024-06-01
398,42,Male,1048,3,47,9.44,79.86,Benue,2024-07-04
399,59,Male,2617,6,47,13.84,10.7,Imo,2024-03-03
400,48,Female,1357,8,48,10.67,78.07,Cross River,2024-07-08
401,20,Male,706,8,42,17.37,91.02,Lagos,2024-05-04
402,57,Female,2710,11,12,17.45,38.28,Lagos,2024-05-29
403,63,Male,2261,9,13,1.19,63.06,Ogun,2024-11-09
404,41,Male,1959,1,4,15.78,43.01,Rivers,2024-02-27
405,67,Female,3780,1,39,9.75,43.78,Kaduna,2024-12-07
406,49,Female,2096,3,2,19.79,31.04,Kogi,2024-10-31
407,64,Male,3212,3,26,10.18,76.21,Ekiti,2024-06-28
408,39,Female,1190,10,27,19.75,93.62,Osun,2024-06-18
409,40,Female,316,8,27,15.34,94.08,Ekiti,2024-11-21
410,19,Female,1895,10,15,5.72,17.48,Abuja,2024-09-27
411,44,Male,1758,1,8,11.23,87.47,Osun,2024-02-23
412,59,Male,3680,2,7,19.85,73.74,Oyo,2024-04-10
413,19,Female,3261,2,47,17.29,25.28,Ogun,2024-09-20
414,43,Male,2343,3,46,2.85,6.73,Lagos,2024-02-22
415,34,Female,3782,6,40,14.42,26.8,Anambra,2024-02-29
416,57,Female,3879,1,12,7.57,91.22,Kogi,2024-04-17
417,50,Female,1560,2,13,1.13,63.32,Abia,2024-01-05
418,26,Female,525,1,43,8.67,72.11,Kano,2024-04-12
419,60,Female,1026,5,17,5.46,25.72,Kogi,2024-07-14
420,65,Male,1257,7,17,16.56,71.94,Kaduna,2024-09-18
421,56,Female,2010,8,36,7.41,2.81,Anambra,2024-12-30
422,46,Male,607,10,21,16.72,37.53,Enugu,2024-12-15
423,59,Male,932,1,8,1.01,62.68,Borno,2024-02-16
424,43,Female,2244,7,5,6.85,14.61,Kogi,2024-12-20
425,52,Female,4811,5,26,5.58,82.3,Kano,2024-11-06
426,67,Female,2717,10,16,5.44,23.5,Imo,2024-11-03
427,42,Female,4727,1,36,2.3,65.23,Borno,2024-05-23
428,41,Male,4840,3,28,4.56,40.52,Borno,2024-09-25
429,30,Male,1660,7,29,11.56,59.6,Ogun,2024-05-03
430,24,Female,3538,10,47,6.54,10.75,Benue,2024-04-15
431,53,Male,2504,1,12,8.93,1.69,Ondo,2024-06-06
432,62,Male,4544,7,37,8.16,90.96,Borno,2024-05-26
433,37,Male,1996,5,30,17.64,26.96,Borno,2024-05-24
434,18,Male,4860,1,23,18.2,81.97,Abia,2024-04-29
435,25,Male,4849,1,16,10.37,99.94,Lagos,2024-11-14
436,63,Male,2858,1,14,7.27,21.14,Borno,2024-10-01
437,33,Male,3875,11,10,3.03,26.52,Abuja,2024-04-01
438,31,Male,3586,9,7,19.11,66.29,Anambra,2024-02-27
439,29,Female,3852,11,45,2.14,96.54,Enugu,2024-12-11
440,68,Male,4227,3,37,6.66,91.58,Enugu,2024-08-16
441,40,Male,4749,5,29,6.66,50.29,Imo,2024-04-26
442,32,Female,2020,11,3,7.09,79.51,Delta,2024-11-13
443,45,Male,3872,10,15,4.12,13.57,Abuja,2024-10-05
444,51,Female,2869,9,36,15.88,97.74,Ogun,2024-05-06
445,19,Female,952,6,47,3.33,96.44,Anambra,2024-05-08
446,49,Male,414,9,46,13.06,16.37,Lagos,2024-02-27
447,40,Male,4308,8,19,3.35,29.94,Delta,2024-05-01
448,39,Female,3169,8,13,2.34,10.02,Imo,2024-01-01
449,68,Female,2608,1,42,18.28,27.17,Abia,2024-08-26
450,42,Male,1913,9,21,4.61,81.6,Rivers,2024-10-16
451,39,Female,165,6,37,16.6,37.83,Edo,2024-04-05
452,39,Male,2434,9,27,11.35,8.84,Ekiti,2024-05-05
453,66,Female,3985,3,29,2.48,34.22,Rivers,2024-04-27
454,69,Male,4985,3,20,19.15,98.14,Delta,2024-02-17
455,59,Female,2540,6,25,5.69,62.97,Delta,2024-03-29
456,23,Female,992,9,6,17.33,41.62,Cross River,2024-08-24
457,32,Female,1774,7,36,4.21,16.65,Benue,2024-09-28
458,60,Female,2384,3,2,17.22,98.62,Borno,2024-07-07
459,54,Male,2817,3,22,1.25,82.08,Kogi,2024-07-10
460,50,Male,1187,2,32,10.72,28.15,Enugu,2024-03-09
461,25,Male,2577,9,16,15.62,7.01,Delta,2024-10-04
462,61,Male,4167,3,18,18.76,5.66,Oyo,2024-12-14
463,61,Female,3470,11,5,18.27,12.04,Abia,2024-09-03
464,22,Male,4828,5,36,16.57,58.08,Osun,2024-03-16
465,56,Male,3956,9,30,17.88,92.88,Ondo,2024-06-02
466,21,Female,3687,8,45,4.79,49.67,Enugu,2024-05-23
467,23,Female,3003,2,19,6.4,84.29,Osun,2024-03-26
468,62,Female,2417,3,23,6.49,44.59,Kaduna,2024-07-03
469,49,Female,4271,2,34,8.16,70.86,Osun,2024-10-11
470,69,Male,326,8,13,8.47,73.19,Lagos,2024-08-07
471,47,Male,2049,6,43,11.35,17.4,Abia,2024-03-09
472,64,Female,1277,6,29,4.04,36.12,Kaduna,2024-02-16
473,52,Female,3802,9,36,14.13,63.73,Enugu,2024-04-03
474,57,Male,3785,8,22,4.18,7.07,Abia,2024-08-25
475,69,Female,745,4,47,6.9,36.15,Kaduna,2024-07-22
476,33,Male,1359,4,36,10.56,53.48,Anambra,2024-08-05
477,30,Male,4202,9,9,16.13,99.62,Edo,2024-12-06
478,67,Female,3284,1,39,15.05,47.45,Lagos,2024-02-08
479,59,Female,4164,2,19,13.27,81.61,Abuja,2024-04-09
480,47,Female,2361,2,38,3.96,43.21,Ondo,2024-10-15
481,36,Male,2891,6,6,11.39,79.64,Imo,2024-09-10
482,34,Female,4258,4,47,2.66,59.54,Cross River,2024-08-09
483,36,Male,3609,11,15,8.17,88.66,Kogi,2024-12-22
484,45,Male,3448,10,20,8.86,41.09,Borno,2024-01-23
485,43,Female,591,3,9,1.76,60.43,Rivers,2024-09-06
486,54,Female,2744,3,32,6.21,63.0,Kaduna,2024-01-10
487,43,Female,4724,3,4,19.16,41.74,Rivers,2024-09-02
488,40,Female,1138,6,18,19.12,14.43,Ekiti,2024-11-20
489,26,Female,3413,8,5,7.69,9.36,Ekiti,2024-04-09
490,29,Female,74,11,20,1.82,1.67,Cross River,2024-10-16
491,18,Male,1622,7,23,4.4,87.35,Abuja,2024-06-28
492,18,Male,3008,4,11,8.45,23.65,Osun,2024-08-10
493,64,Male,4286,11,37,19.01,21.15,Lagos,2024-09-06
494,51,Male,1817,4,22,3.68,73.6,Abia,2024-05-26
495,49,Female,4793,11,4,15.51,32.0,Delta,2024-04-05
496,65,Male,2285,10,29,3.06,50.6,Kano,2024-09-13
497,42,Male,250,11,44,19.64,16.25,Enugu,2024-11-20
498,57,Male,3248,11,34,8.25,95.97,Borno,2024-01-04
499,62,Female,306,11,13,15.73,85.16,Lagos,2024-01-16
500,18,Male,3797,2,42,7.51,86.38,Borno,2024-10-06
501,33,Female,4692,1,9,12.93,40.68,Delta,2024-12-01
502,56,Male,2291,9,42,4.65,76.24,Ondo,2024-09-03
503,22,Male,3225,2,31,3.77,14.39,Ondo,2024-09-14
504,39,Female,3656,8,7,18.82,0.86,Kano,2024-06-08
505,46,Female,3386,9,4,18.44,2.0,Kaduna,2024-12-05
506,20,Male,4947,4,19,17.86,58.66,Delta,2024-05-31
507,29,Female,463,8,42,12.88,45.54,Delta,2024-06-26
508,43,Female,2064,9,30,16.36,51.8,Enugu,2024-06-11
509,33,Male,1431,10,31,2.31,0.75,Benue,2024-02-02
510,68,Female,1148,10,35,7.36,42.27,Delta,2024-06-27
511,54,Female,3476,5,21,6.96,71.81,Oyo,2024-04-10
512,39,Female,3705,7,31,13.08,44.27,Abuja,2024-09-24
513,46,Female,959,10,19,7.76,73.22,Delta,2024-11-18
514,31,Female,237,4,31,3.82,23.3,Anambra,2024-03-05
515,45,Female,4094,1,32,12.33,81.31,Lagos,2024-06-16
516,22,Female,3806,3,2,16.47,58.84,Abia,2024-11-25
517,64,Female,2065,5,10,8.26,21.08,Oyo,2024-02-12
518,66,Female,2142,3,2,3.51,23.67,Kaduna,2024-02-13
519,47,Female,3694,11,2,4.74,62.8,Abuja,2024-10-11
520,63,Female,2180,7,24,5.51,82.99,Delta,2024-01-12
521,69,Male,407,9,17,6.7,41.56,Ogun,2024-04-04
522,22,Female,2472,6,32,13.21,25.83,Rivers,2024-10-28
523,29,Female,4307,10,16,12.42,86.7,Rivers,2024-09-09
524,33,Male,4595,1,16,14.23,66.93,Ondo,2024-08-29
525,43,Female,1547,7,46,7.89,44.81,Edo,2024-02-04
526,43,Male,2208,3,39,16.66,48.79,Rivers,2024-08-02
527,65,Male,2605,5,31,4.88,20.43,Osun,2024-12-02
528,38,Female,2392,10,43,9.91,62.68,Rivers,2024-03-30
529,56,Male,3001,4,24,16.22,35.87,Osun,2024-09-20
530,53,Female,1288,10,1,4.42,99.56,Benue,2024-04-02
531,50,Female,1023,5,11,3.09,48.02,Osun,2024-03-30
532,47,Female,4777,5,21,17.79,48.59,Abia,2024-04-24
533,54,Male,4015,6,4,7.52,56.59,Edo,2024-04-14
534,40,Male,1100,10,7,13.99,91.68,Oyo,2024-07-14
535,27,Female,3751,10,26,1.48,80.08,Borno,2024-11-09
536,22,Female,2830,11,47,14.11,45.11,Kaduna,2024-04-23
537,53,Female,1638,6,12,7.01,71.87,Cross River,2024-03-15
538,51,Male,3928,8,31,2.06,58.62,Borno,2024-08-04
539,69,Female,2418,8,17,12.59,49.24,Borno,2024-10-03
540,48,Female,486,11,33,5.58,19.23,Enugu,2024-09-05
541,27,Female,2878,9,11,8.35,46.39,Cross River,2024-06-12
542,36,Male,1606,8,28,2.53,24.58,Lagos,2024-12-22
543,49,Female,3908,11,32,3.8,91.48,Enugu,2024-07-10
544,18,Female,1354,2,1,6.66,33.54,Lagos,2024-08-14
545,22,Female,2434,10,47,2.71,95.23,Ondo,2024-06-25
546,62,Male,232,11,28,18.31,53.31,Rivers,2024-04-08
547,21,Female,1639,1,42,1.11,63.15,Imo,2024-02-05
548,33,Female,1637,10,7,10.19,54.29,Borno,2024-04-05
549,41,Male,709,2,2,3.34,12.94,Delta,2024-05-31
550,33,Female,209,2,42,6.85,37.58,Abuja,2024-05-30
551,19,Female,4003,3,24,18.6,9.91,Ogun,2024-07-08
552,66,Male,1061,10,4,4.07,62.3,Osun,2024-08-11
553,45,Male,102,7,44,19.35,44.69,Lagos,2024-02-06
554,49,Female,2357,2,19,4.91,77.8,Abuja,2024-09-24
555,44,Male,1278,1,26,15.09,22.05,Enugu,2024-07-01
556,37,Female,1085,6,11,11.39,16.46,Borno,2024-01-13
557,41,Male,3752,9,40,17.81,40.63,Imo,2024-10-05
558,29,Female,4095,3,43,11.53,92.66,Lagos,2024-08-04
559,67,Male,4995,6,11,11.16,71.04,Ekiti,2024-12-20
560,52,Female,4499,3,45,4.71,41.89,Lagos,2024-12-26
561,50,Female,1314,1,3,4.16,51.73,Kaduna,2024-10-12
562,50,Female,1934,5,12,18.41,8.42,Osun,2024-09-29
563,68,Female,1859,10,3,7.23,98.46,Ondo,2024-03-02
564,60,Male,3217,11,42,8.07,66.64,Anambra,2024-03-24
565,54,Female,3847,4,27,15.44,28.54,Osun,2024-08-04
566,29,Male,2391,7,49,7.44,58.58,Ekiti,2024-12-07
567,20,Male,3464,6,2,19.09,10.95,Kogi,2024-07-05
568,18,Male,867,10,49,15.02,96.58,Anambra,2024-01-19
569,50,Male,2487,7,16,12.35,17.48,Anambra,2024-06-25
570,57,Female,938,5,2,17.74,64.8,Abuja,2024-04-09
571,27,Female,717,4,30,1.94,24.55,Ekiti,2024-08-20
572,60,Male,4778,7,20,5.88,71.76,Ogun,2024-03-16
573,61,Male,2674,7,38,9.84,77.68,Kogi,2024-09-21
574,46,Female,4282,6,28,5.31,67.34,Borno,2024-10-10
575,30,Male,4573,8,25,15.13,61.45,Kano,2024-07-24
576,29,Male,868,4,32,18.46,89.25,Anambra,2024-08-10
577,48,Male,2238,10,10,9.05,7.86,Ondo,2024-02-21
578,63,Female,1156,5,42,7.5,33.09,Delta,2024-12-04
579,19,Female,2274,4,40,19.27,24.83,Borno,2024-05-23
580,68,Male,247,1,33,9.45,98.8,Edo,2024-03-09
581,67,Male,2721,8,13,10.29,38.94,Ekiti,2024-04-08
582,52,Female,3542,1,41,7.68,73.26,Cross River,2024-01-25
583,40,Female,2498,5,42,18.28,68.47,Kaduna,2024-02-22
584,34,Male,520,6,47,11.81,21.21,Oyo,2024-05-30
585,43,Female,1998,6,37,15.48,23.9,Anambra,2024-05-23
586,25,Male,3949,5,16,16.42,28.13,Kogi,2024-02-26
587,46,Male,2060,3,45,7.5,41.11,Imo,2024-02-08
588,43,Female,3850,5,22,9.24,23.43,Osun,2024-04-18
589,27,Male,4168,8,20,17.12,1.97,Delta,2024-06-29
590,43,Female,3846,2,43,7.9,87.94,Abuja,2024-02-11
591,51,Male,4038,6,27,16.08,96.56,Kaduna,2024-07-04
592,68,Male,284,9,41,18.88,34.16,Lagos,2024-08-10
593,58,Female,978,8,16,12.84,33.85,Rivers,2024-05-01
594,24,Male,3657,11,34,15.09,0.71,Rivers,2024-05-12
595,21,Female,572,8,32,16.3,68.03,Kano,2024-06-11
596,67,Male,3573,8,26,17.06,82.54,Delta,2024-08-02
597,62,Male,4576,7,25,8.51,14.66,Benue,2024-08-08
598,28,Male,4938,8,2,1.97,15.97,Borno,2024-08-22
599,46,Female,1679,6,12,8.64,79.01,Abuja,2024-11-26
600,53,Male,4678,2,40,13.8,61.63,Kogi,2024-05-25
601,42,Female,1366,2,9,9.56,4.49,Borno,2024-08-26
602,38,Male,2907,8,12,15.23,62.25,Oyo,2024-03-16
603,53,Female,1174,11,26,7.78,30.89,Cross River,2024-01-09
604,27,Male,2637,1,9,13.06,36.87,Abuja,2024-03-14
605,54,Female,1073,6,10,4.54,76.97,Abuja,2024-09-09
606,26,Female,1428,6,32,15.24,81.09,Borno,2024-08-17
607,41,Female,3424,11,34,11.37,40.04,Osun,2024-01-07
608,52,Female,1569,4,48,4.88,94.72,Benue,2024-06-22
609,66,Female,276,11,20,6.55,40.65,Lagos,2024-05-20
610,52,Female,941,11,39,15.22,77.18,Edo,2024-06-16
611,65,Male,4122,10,2,10.17,48.39,Osun,2024-06-18
612,53,Male,2307,3,1,5.1,89.75,Cross River,2024-10-09
613,35,Female,2838,11,36,19.38,90.78,Ekiti,2024-05-01
614,66,Female,446,3,24,14.59,8.74,Ondo,2024-07-12
615,56,Female,2128,1,27,19.19,93.65,Benue,2024-01-05
616,49,Male,4794,3,2,9.11,82.55,Edo,2024-01-29
617,41,Male,4474,4,31,10.03,79.13,Borno,2024-06-13
618,40,Male,3287,11,14,18.06,20.09,Ogun,2024-12-04
619,49,Female,3943,11,2,10.98,80.51,Kaduna,2024-05-15
620,54,Male,2055,5,29,14.44,85.01,Cross River,2024-12-30
621,29,Male,2066,3,15,5.79,28.92,Abia,2024-11-16
622,66,Male,3221,6,12,9.49,95.23,Ondo,2024-12-07
623,30,Male,2718,11,37,3.35,4.99,Oyo,2024-05-24
624,40,Female,1928,5,28,4.91,14.99,Kogi,2024-11-22
625,42,Male,1246,3,20,1.02,53.76,Kogi,2024-08-04
626,52,Female,1822,6,39,1.75,57.58,Imo,2024-10-27
627,58,Male,211,6,24,19.57,64.52,Imo,2024-05-11
628,47,Male,4026,8,21,5.6,1.7,Cross River,2024-10-18
629,34,Male,1801,2,10,13.6,96.04,Cross River,2024-03-10
630,66,Male,825,1,46,16.94,4.46,Borno,2024-09-08
631,37,Male,989,4,14,11.46,14.31,Abuja,2024-10-01
632,65,Male,3270,7,37,3.91,1.4,Delta,2024-12-29
633,42,Female,589,11,18,14.83,56.69,Ogun,2024-06-30
634,39,Male,4967,10,24,12.4,93.23,Abia,2024-06-15
635,30,Female,1511,3,14,14.89,66.59,Borno,2024-03-31
636,36,Female,405,3,34,15.63,82.27,Rivers,2024-07-20
637,66,Female,3654,5,12,19.53,1.33,Oyo,2024-12-11
638,53,Male,3373,5,22,11.9,54.2,Ogun,2024-01-19
639,29,Male,284,10,6,7.49,45.96,Rivers,2024-02-08
640,58,Male,1598,3,36,13.32,49.9,Ondo,2024-05-05
641,36,Male,2146,9,45,2.3,7.22,Osun,2024-06-21
642,29,Female,4263,4,36,18.05,68.44,Enugu,2024-05-20
643,26,Male,2151,3,22,3.27,50.32,Anambra,2024-08-29
644,24,Male,1723,11,14,7.23,76.51,Abia,2024-08-07
645,45,Female,2150,2,16,16.5,48.53,Abia,2024-05-05
646,31,Female,3707,10,36,12.35,14.94,Anambra,2024-02-27
647,48,Female,4703,11,25,8.48,64.83,Oyo,2024-05-27
648,69,Male,3646,9,32,10.0,17.24,Kogi,2024-11-12
649,36,Male,3798,4,33,17.24,87.24,Osun,2024-12-26
650,64,Female,3223,3,45,7.46,61.31,Edo,2024-01-01
651,33,Male,1865,7,36,17.52,15.72,Kogi,2024-12-13
652,22,Male,3891,8,20,2.67,96.23,Enugu,2024-07-08
653,52,Male,2055,11,18,15.76,51.84,Abia,2024-07-09
654,29,Male,4543,2,38,17.1,7.29,Borno,2024-11-07
655,42,Male,724,7,3,4.45,62.68,Delta,2024-04-26
656,69,Male,436,5,23,9.18,25.32,Rivers,2024-05-13
657,38,Female,2208,11,32,4.14,80.37,Ondo,2024-02-27
658,53,Female,2711,5,45,14.43,81.78,Ekiti,2024-02-13
659,40,Female,2114,3,16,11.17,97.89,Abuja,2024-06-21
660,33,Male,3901,5,5,13.07,50.19,Abuja,2024-06-08
661,56,Male,3303,2,4,4.73,45.5,Osun,2024-06-21
662,62,Male,4686,4,21,5.02,75.35,Delta,2024-11-12
663,59,Female,4316,6,40,1.79,13.25,Ekiti,2024-10-29
664,56,Female,789,1,14,7.12,54.69,Kano,2024-05-28
665,31,Male,1451,10,39,11.64,54.62,Delta,2024-03-20
666,48,Female,3309,4,31,17.3,8.95,Ekiti,2024-07-31
667,22,Male,2327,6,14,13.67,41.8,Abuja,2024-07-21
668,52,Female,3954,9,6,9.27,85.33,Edo,2024-09-08
669,40,Female,3973,11,12,19.11,85.62,Delta,2024-08-16
670,46,Female,4264,11,16,14.67,9.92,Osun,2024-06-12
671,60,Female,3277,2,17,18.67,9.07,Abuja,2024-08-14
672,28,Female,2881,11,45,11.02,26.27,Oyo,2024-05-26
673,35,Male,3808,7,23,5.92,87.48,Edo,2024-01-20
674,64,Female,2562,6,14,2.0,12.89,Kaduna,2024-02-16
675,29,Male,2201,2,7,14.8,72.0,Delta,2024-08-20
676,26,Female,3725,8,46,3.3,10.12,Lagos,2024-10-31
677,27,Female,2795,7,32,6.75,62.31,Delta,2024-01-14
678,61,Female,3916,11,15,11.12,35.61,Borno,2024-05-22
679,34,Male,3814,5,44,11.72,78.89,Rivers,2024-01-01
680,55,Female,2272,5,17,12.41,23.37,Kano,2024-02-23
681,24,Female,2842,7,41,4.16,63.92,Borno,2024-09-15
682,63,Female,1747,9,47,8.22,23.57,Ondo,2024-05-23
683,30,Male,3512,11,44,12.73,71.37,Kogi,2024-01-12
684,57,Male,4113,9,34,19.43,87.37,Ogun,2024-11-25
685,59,Male,1574,9,5,14.82,12.68,Oyo,2024-08-11
686,26,Male,4810,6,45,18.53,86.66,Benue,2024-09-28
687,67,Female,82,10,27,15.48,59.36,Ekiti,2024-12-23
688,44,Male,4075,6,23,12.24,12.71,Anambra,2024-06-04
689,19,Female,2616,3,40,4.65,42.75,Osun,2024-01-08
690,22,Male,2853,1,14,13.67,16.09,Kano,2024-05-01
691,46,Male,3946,7,15,12.84,70.03,Abuja,2024-12-13
692,54,Female,3759,4,43,12.45,75.89,Kogi,2024-06-12
693,55,Female,769,1,33,10.31,10.58,Delta,2024-03-30
694,36,Male,4629,8,31,11.04,50.61,Kano,2024-05-15
695,25,Female,1022,6,35,7.35,81.46,Cross River,2024-07-04
696,65,Female,3768,6,17,10.87,93.62,Imo,2024-11-11
697,62,Male,4452,2,28,4.75,51.35,Ondo,2024-06-26
698,18,Female,4602,1,19,16.3,95.03,Ogun,2024-01-28
699,39,Female,2257,2,46,4.53,53.57,Abuja,2024-08-07
700,69,Female,4476,4,23,2.61,39.42,Anambra,2024-12-22
701,34,Male,4370,2,32,9.29,84.82,Edo,2024-02-10
702,24,Female,3080,1,40,13.51,49.3,Borno,2024-08-15
703,42,Male,3625,7,13,9.32,47.19,Cross River,2024-07-10
704,62,Male,3166,11,20,6.26,49.03,Abia,2024-05-24
705,21,Male,3335,11,35,11.61,84.68,Edo,2024-07-19
706,53,Male,693,8,5,7.59,83.19,Edo,2024-07-30
707,23,Female,4761,6,9,18.72,40.35,Kano,2024-08-07
708,48,Female,244,4,29,18.53,33.33,Kano,2024-08-27
709,36,Female,4046,6,6,10.55,49.19,Benue,2024-02-15
710,61,Male,538,3,25,7.23,57.28,Anambra,2024-02-04
711,56,Male,2254,8,31,15.01,23.83,Rivers,2024-09-09
712,44,Male,2707,10,22,1.7,79.4,Anambra,2024-03-22
713,27,Female,3326,2,2,10.02,48.65,Ogun,2024-09-12
714,43,Male,1152,5,45,7.39,33.4,Abia,2024-07-15
715,36,Female,1291,1,5,18.49,10.68,Delta,2024-10-29
716,56,Female,565,6,27,1.23,23.88,Benue,2024-01-10
717,20,Male,442,2,25,11.5,94.93,Kaduna,2024-11-07
718,62,Female,680,4,8,15.07,30.51,Kogi,2024-10-12
719,30,Male,3766,6,1,10.22,16.89,Imo,2024-08-29
720,67,Female,1897,10,20,2.62,46.07,Kano,2024-09-07
721,45,Female,2705,11,44,19.48,30.71,Ondo,2024-12-30
722,37,Male,1029,8,23,10.84,3.52,Ogun,2024-01-05
723,45,Male,4579,8,32,12.67,32.31,Kogi,2024-04-28
724,25,Female,3452,11,11,5.5,54.41,Imo,2024-10-15
725,58,Female,3921,6,39,10.19,55.17,Edo,2024-03-05
726,56,Male,327,4,47,9.15,35.66,Rivers,2024-05-25
727,18,Female,282,8,24,2.42,44.73,Benue,2024-08-11
728,20,Female,1602,8,11,3.02,96.55,Edo,2024-08-26
729,30,Female,3320,10,29,16.91,37.73,Oyo,2024-06-25
730,45,Male,2459,1,26,5.56,25.82,Ondo,2024-09-23
731,66,Female,3562,4,16,4.7,24.35,Benue,2024-12-06
732,42,Female,75,4,35,10.59,45.78,Osun,2024-10-08
733,50,Male,510,7,20,15.61,75.95,Osun,2024-03-03
734,55,Male,3814,11,46,2.18,20.6,Imo,2024-08-04
735,23,Female,3481,7,3,11.96,70.93,Imo,2024-12-07
736,61,Male,3533,11,1,3.26,2.11,Rivers,2024-11-10
737,62,Female,2044,8,47,1.69,41.89,Kogi,2024-10-09
738,49,Male,540,11,1,2.0,77.59,Ekiti,2024-06-25
739,62,Male,1122,5,17,16.85,33.87,Delta,2024-04-07
740,64,Female,3223,7,2,3.24,56.37,Rivers,2024-04-14
741,38,Male,265,8,29,1.86,20.5,Benue,2024-04-08
742,33,Female,1773,9,20,9.32,74.2,Delta,2024-11-06
743,38,Male,1642,3,6,17.04,5.23,Ekiti,2024-01-06
744,28,Female,2656,3,8,5.99,85.25,Osun,2024-07-15
745,54,Male,208,4,29,9.01,19.82,Oyo,2024-12-16
746,53,Male,4831,5,48,1.76,87.44,Borno,2024-05-12
747,52,Female,3363,10,33,9.53,35.25,Ekiti,2024-12-23
748,36,Male,2891,1,3,11.97,72.27,Enugu,2024-09-15
749,37,Female,1826,7,35,11.85,31.92,Abia,2024-01-23
750,35,Male,2102,9,5,7.32,90.59,Abia,2024-02-22
751,64,Female,2345,8,27,7.0,12.66,Anambra,2024-06-13
752,58,Male,1746,5,44,3.03,17.85,Ekiti,2024-07-20
753,66,Female,3043,4,12,7.97,49.3,Ekiti,2024-03-23
754,31,Male,2519,7,20,2.89,8.19,Abuja,2024-05-24
755,32,Male,1996,5,45,15.57,19.6,Borno,2024-03-25
756,48,Male,3859,7,20,19.36,94.38,Ekiti,2024-03-18
757,18,Male,2833,1,9,19.43,97.65,Delta,2024-12-31
758,20,Female,3694,1,39,17.44,37.63,Lagos,2024-01-01
759,33,Male,2550,10,4,12.42,92.33,Ogun,2024-02-20
760,40,Female,3695,3,19,14.32,54.48,Osun,2024-06-21
761,28,Male,2695,11,38,6.42,26.97,Imo,2024-07-23
762,29,Male,2399,2,27,12.98,70.24,Ondo,2024-09-16
763,27,Female,1982,2,45,9.66,65.89,Lagos,2024-10-14
764,49,Female,3344,7,43,10.16,98.91,Anambra,2024-02-03
765,33,Male,1807,10,13,15.4,26.5,Ekiti,2024-12-13
766,25,Male,1166,2,13,6.36,67.21,Ondo,2024-04-04
767,55,Male,2617,11,22,7.04,5.2,Osun,2024-03-12
768,29,Female,3549,4,28,18.57,11.36,Osun,2024-02-08
769,41,Female,542,2,47,2.07,0.39,Abuja,2024-06-02
770,45,Male,3356,6,45,10.23,99.95,Anambra,2024-09-06
771,25,Female,669,8,22,18.34,80.23,Kogi,2024-06-10
772,45,Female,3282,10,43,12.6,78.67,Edo,2024-04-27
773,53,Female,3873,4,19,11.38,50.97,Imo,2024-09-15
774,43,Female,2430,5,8,5.75,30.01,Kano,2024-11-01
775,25,Male,1596,4,8,7.52,15.13,Benue,2024-09-24
776,67,Male,3613,3,42,17.19,28.47,Imo,2024-02-23
777,45,Male,1655,5,26,11.63,37.6,Osun,2024-08-23
778,45,Male,3802,9,48,10.78,75.63,Ogun,2024-08-09
779,54,Female,4725,8,26,2.89,53.97,Osun,2024-09-07
780,58,Female,1940,8,23,1.3,7.75,Anambra,2024-11-08
781,53,Male,1325,8,43,19.31,1.8,Kogi,2024-04-21
782,44,Male,2793,8,13,8.16,10.23,Anambra,2024-09-11
783,34,Male,2543,7,28,12.46,41.05,Abia,2024-10-29
784,26,Female,406,8,9,2.51,93.32,Lagos,2024-07-25
785,50,Male,919,11,20,13.98,63.74,Benue,2024-08-16
786,37,Female,935,8,19,18.72,80.18,Ondo,2024-12-06
787,30,Male,2051,8,48,11.94,46.64,Cross River,2024-03-06
788,45,Male,1333,10,39,3.4,36.17,Ogun,2024-03-15
789,65,Female,669,7,12,12.05,10.84,Lagos,2024-04-12
790,46,Female,932,1,15,15.56,87.59,Ekiti,2024-07-10
791,30,Male,846,4,31,8.72,78.32,Ondo,2024-09-08
792,63,Female,3692,4,14,17.72,16.81,Enugu,2024-08-13
793,52,Female,3475,5,11,13.32,51.23,Ondo,2024-10-20
794,23,Female,1346,10,26,18.09,48.74,Imo,2024-11-01
795,35,Male,4764,6,42,12.85,62.51,Borno,2024-04-07
796,68,Female,294,4,27,3.49,94.62,Ogun,2024-12-03
797,22,Male,2945,2,11,6.88,57.98,Oyo,2024-10-12
798,64,Female,979,6,38,4.83,54.02,Ogun,2024-11-30
799,42,Male,569,8,34,18.27,5.03,Benue,2024-12-12
800,19,Male,3262,8,43,15.45,6.29,Kogi,2024-11-03
801,27,Male,2459,7,19,13.85,18.73,Imo,2024-09-05
802,47,Female,57,6,6,6.72,3.25,Abia,2024-06-14
803,67,Male,2575,2,46,4.5,74.34,Abuja,2024-11-30
804,62,Female,3473,7,38,15.37,72.33,Imo,2024-01-30
805,22,Female,2069,11,49,10.01,13.61,Lagos,2024-09-03
806,50,Male,4640,5,42,5.29,83.61,Edo,2024-04-15
807,18,Female,4332,6,28,12.72,15.48,Ogun,2024-02-20
808,35,Male,3717,10,1,1.77,30.12,Delta,2024-03-21
809,49,Female,3721,8,35,7.2,24.9,Abuja,2024-05-12
810,64,Male,2851,8,40,9.9,37.23,Kaduna,2024-10-11
811,66,Female,135,3,8,3.81,25.47,Edo,2024-05-17
812,28,Female,3165,7,47,19.71,48.9,Osun,2024-07-02
813,38,Female,4282,1,7,4.97,40.74,Osun,2024-11-25
814,43,Female,2518,1,11,3.48,98.66,Ekiti,2024-09-29
815,42,Male,3669,7,39,4.87,5.59,Imo,2024-12-05
816,39,Female,1686,10,4,15.61,14.22,Ondo,2024-03-09
817,44,Female,3633,9,25,9.08,5.28,Lagos,2024-02-03
818,66,Female,4059,7,12,11.74,62.58,Kano,2024-09-18
819,30,Male,3376,10,26,1.4,5.45,Oyo,2024-02-22
820,50,Female,2268,5,38,1.65,83.64,Ogun,2024-07-23
821,51,Female,2267,8,46,9.47,51.19,Rivers,2024-05-05
822,58,Female,2419,2,12,16.52,52.7,Cross River,2024-08-22
823,52,Male,3688,9,43,17.82,56.16,Ondo,2024-02-12
824,18,Female,2553,6,37,2.65,17.08,Delta,2024-08-27
825,38,Male,993,9,46,11.23,19.77,Cross River,2024-04-20
826,65,Female,2887,2,24,18.35,31.88,Kano,2024-09-05
827,23,Male,2710,3,16,8.37,59.35,Borno,2024-05-30
828,45,Female,2986,8,13,16.76,21.01,Anambra,2024-07-01
829,34,Female,4494,1,25,3.54,11.63,Enugu,2024-12-01
830,22,Male,3997,10,4,18.77,97.01,Ondo,2024-04-04
831,48,Female,1726,7,11,15.28,2.2,Lagos,2024-01-08
832,22,Male,1246,7,32,18.89,80.27,Kogi,2024-12-25
833,55,Female,4155,1,49,13.86,78.8,Anambra,2024-07-02
834,20,Female,2837,9,7,7.9,29.72,Kaduna,2024-10-07
835,40,Female,1511,8,46,18.83,13.56,Enugu,2024-07-13
836,54,Female,3368,4,11,6.24,14.56,Abia,2024-12-17
837,54,Female,716,10,28,7.31,69.74,Ondo,2024-07-13
838,27,Male,2226,11,41,14.32,64.28,Kano,2024-06-03
839,27,Male,3793,5,23,15.54,78.27,Ondo,2024-04-02
840,36,Female,650,2,45,18.66,93.75,Kaduna,2024-06-08
841,34,Female,2702,9,23,4.89,69.19,Benue,2024-03-01
842,38,Female,4472,6,28,16.16,15.59,Imo,2024-05-01
843,31,Female,3874,3,43,15.03,24.34,Kaduna,2024-02-20
844,26,Male,3956,7,47,2.21,84.22,Kano,2024-10-03
845,63,Female,1029,9,26,8.36,20.93,Delta,2024-01-05
846,18,Male,2501,3,25,6.37,7.25,Delta,2024-04-01
847,68,Female,678,2,29,6.79,70.33,Enugu,2024-06-18
848,62,Male,1679,7,19,19.68,40.25,Abuja,2024-11-12
849,30,Male,3746,7,33,13.21,92.0,Osun,2024-01-22
850,21,Male,3480,4,36,14.64,65.03,Delta,2024-11-21
851,18,Male,3724,11,14,19.56,9.04,Ekiti,2024-01-01
852,66,Female,3979,9,14,8.17,94.79,Abia,2024-05-12
853,57,Male,2815,8,35,16.23,25.86,Imo,2024-08-20
854,49,Male,4419,1,30,9.26,33.72,Anambra,2024-01-12
855,51,Male,4830,1,28,17.52,40.23,Oyo,2024-12-11
856,45,Male,165,5,17,4.43,5.12,Rivers,2024-02-15
857,48,Male,2053,6,3,19.01,49.65,Lagos,2024-02-03
858,25,Male,742,3,16,5.16,12.33,Cross River,2024-03-18
859,56,Female,3212,9,46,7.2,40.1,Abia,2024-08-05
860,43,Female,1155,10,30,15.37,35.07,Delta,2024-10-27
861,51,Female,3058,6,29,8.48,77.28,Ekiti,2024-03-13
862,20,Male,2211,4,45,12.56,80.32,Edo,2024-10-08
863,67,Male,203,7,15,9.45,15.34,Ekiti,2024-09-05
864,29,Female,3749,8,46,15.11,36.66,Ondo,2024-02-16
865,18,Female,4460,9,25,5.34,37.34,Kogi,2024-04-30
866,61,Male,3836,11,38,2.11,15.14,Benue,2024-08-01
867,22,Male,1114,6,42,6.7,79.85,Ogun,2024-08-26
868,47,Male,4250,6,47,10.01,70.72,Rivers,2024-02-25
869,47,Male,1963,8,38,4.19,19.04,Lagos,2024-12-15
870,34,Male,1266,5,23,7.74,36.67,Rivers,2024-04-16
871,65,Female,2451,3,25,8.6,10.58,Abia,2024-11-14
872,64,Female,1822,3,42,2.09,62.82,Delta,2024-02-17
873,40,Female,2010,6,7,12.08,12.14,Borno,2024-03-01
874,32,Female,2830,2,22,17.8,98.59,Rivers,2024-12-02
875,54,Female,4854,6,17,3.88,78.07,Imo,2024-01-26
876,38,Female,4796,6,18,12.36,39.02,Delta,2024-10-18
877,31,Female,2921,8,49,13.63,57.86,Ekiti,2024-09-13
878,19,Male,710,7,41,8.97,91.13,Benue,2024-01-08
879,28,Male,2685,8,10,14.32,55.41,Kogi,2024-04-22
880,68,Male,2379,9,10,8.8,17.45,Benue,2024-12-20
881,56,Female,4004,6,7,10.59,37.87,Cross River,2024-09-09
882,55,Female,2500,3,48,1.14,84.31,Benue,2024-06-28
883,51,Male,1182,10,38,14.14,64.42,Osun,2024-07-25
884,55,Female,749,3,27,13.57,65.07,Kaduna,2024-10-29
885,67,Male,2088,11,33,1.73,86.68,Imo,2024-05-06
886,51,Female,4697,1,1,8.0,89.4,Benue,2024-02-25
887,35,Male,4550,11,44,19.6,91.98,Kogi,2024-08-01
888,47,Male,4607,5,34,8.99,9.48,Delta,2024-01-14
889,32,Male,2229,4,4,10.54,54.41,Cross River,2024-01-28
890,44,Male,2888,9,17,18.29,74.05,Kano,2024-03-18
891,68,Male,923,9,4,14.63,75.69,Imo,2024-08-03
892,51,Male,133,5,43,12.06,60.67,Anambra,2024-12-30
893,69,Female,1472,10,26,16.16,16.68,Ogun,2024-06-02
894,55,Female,2725,4,4,17.42,79.74,Lagos,2024-01-14
895,50,Male,3230,7,1,9.68,72.01,Anambra,2024-07-05
896,41,Female,4366,6,7,10.03,8.61,Edo,2024-11-07
897,32,Female,4025,4,30,8.33,46.38,Kaduna,2024-01-07
898,47,Male,1441,10,9,19.37,17.4,Kaduna,2024-01-03
899,59,Male,3268,2,35,14.25,33.75,Delta,2024-04-20
900,68,Male,4257,1,8,2.58,1.81,Kano,2024-08-25
901,34,Male,664,4,24,17.4,40.03,Abia,2024-12-28
902,22,Female,3021,4,19,10.13,54.99,Delta,2024-08-26
903,46,Male,3615,1,36,2.31,61.96,Cross River,2024-09-30
904,21,Female,3626,6,43,11.44,66.35,Osun,2024-10-20
905,27,Female,4620,4,27,8.93,83.63,Lagos,2024-08-14
906,34,Male,320,1,32,17.68,21.55,Abuja,2024-01-15
907,27,Female,4116,1,14,4.88,12.05,Ogun,2024-07-10
908,34,Male,2518,1,18,16.7,85.15,Ogun,2024-04-28
909,37,Female,1440,8,28,11.6,15.66,Lagos,2024-01-28
910,41,Male,3404,10,29,2.04,97.48,Osun,2024-07-20
911,22,Female,4185,8,16,19.47,84.25,Ondo,2024-02-08
912,51,Female,3657,2,35,10.74,50.09,Ondo,2024-09-29
913,23,Male,2633,11,47,6.53,98.14,Benue,2024-08-18
914,19,Female,4123,7,31,9.92,9.74,Osun,2024-03-26
915,30,Female,3125,8,4,17.3,30.31,Ogun,2024-05-05
916,60,Female,3956,8,37,6.79,63.82,Ondo,2024-10-26
917,60,Female,339,11,17,4.66,35.0,Ondo,2024-01-25
918,65,Female,2530,10,39,3.45,92.84,Abia,2024-05-24
919,28,Male,3302,11,48,6.66,6.56,Edo,2024-01-13
920,68,Male,328,7,46,15.82,54.94,Abuja,2024-07-30
921,64,Female,2974,5,26,9.96,59.09,Abuja,2024-01-25
922,40,Male,630,1,48,5.32,65.27,Borno,2024-03-08
923,33,Female,303,9,39,4.16,25.57,Kano,2024-03-07
924,48,Female,4326,7,41,7.32,36.46,Anambra,2024-08-20
925,28,Male,4826,2,4,18.86,84.37,Edo,2024-04-18
926,33,Male,874,6,30,7.52,19.49,Rivers,2024-05-25
927,25,Female,3882,2,30,19.77,82.69,Ogun,2024-04-20
928,21,Male,749,1,22,10.22,56.27,Borno,2024-08-15
929,57,Female,1430,7,11,4.4,76.22,Lagos,2024-04-20
930,21,Male,3946,2,2,17.93,71.36,Rivers,2024-02-03
931,42,Female,1723,2,44,9.75,20.75,Lagos,2024-04-20
932,20,Male,2777,11,12,14.48,56.88,Anambra,2024-09-20
933,49,Female,3206,5,30,19.69,86.77,Anambra,2024-08-23
934,20,Male,3438,5,36,1.95,43.21,Enugu,2024-03-23
935,44,Female,4357,7,18,2.84,96.66,Imo,2024-02-11
936,46,Male,433,1,26,14.69,45.22,Ondo,2024-04-10
937,49,Female,391,8,7,6.35,14.28,Ekiti,2024-01-06
938,67,Female,2037,3,1,4.5,38.94,Abuja,2024-06-28
939,68,Male,4109,4,26,1.75,95.17,Abia,2024-10-08
940,36,Male,4989,9,23,1.42,31.97,Ekiti,2024-11-15
941,38,Male,3159,4,26,15.72,86.81,Kogi,2024-08-13
942,22,Female,4132,10,45,3.55,88.13,Ondo,2024-11-10
943,35,Female,4565,5,6,9.89,35.02,Borno,2024-12-30
944,45,Female,2848,7,6,12.51,8.33,Delta,2024-08-16
945,59,Male,3290,4,44,9.14,72.46,Delta,2024-10-15
946,39,Male,2038,1,8,1.52,31.15,Imo,2024-05-29
947,38,Female,3464,9,24,15.89,78.29,Lagos,2024-10-03
948,23,Male,1899,4,22,1.2,44.27,Anambra,2024-07-16
949,18,Female,355,9,19,15.48,48.53,Benue,2024-03-10
950,22,Male,3663,6,37,17.97,77.79,Borno,2024-04-21
951,58,Female,2799,1,18,9.22,38.24,Kaduna,2024-01-04
952,29,Male,1185,3,31,11.18,44.31,Cross River,2024-12-15
953,43,Male,255,11,37,10.06,37.62,Ondo,2024-11-26
954,63,Female,4641,2,30,8.39,36.73,Oyo,2024-11-13
955,51,Female,3500,9,42,17.86,52.59,Enugu,2024-12-15
956,66,Female,3861,1,33,17.98,80.88,Anambra,2024-04-04
957,31,Male,3672,9,10,7.38,36.18,Oyo,2024-05-31
958,43,Male,3649,9,37,12.69,52.43,Edo,2024-11-06
959,62,Female,2601,8,12,18.61,67.07,Benue,2024-05-16
960,44,Female,4358,8,30,19.28,26.94,Ogun,2024-09-03
961,26,Male,359,11,27,10.67,27.75,Benue,2024-08-30
962,43,Male,2758,1,39,9.6,93.34,Borno,2024-01-31
963,64,Male,2041,11,9,6.3,72.35,Imo,2024-02-09
964,39,Female,321,8,21,19.22,57.72,Ondo,2024-08-16
965,64,Male,3692,10,12,3.71,64.77,Enugu,2024-02-05
966,47,Male,4136,3,29,12.02,2.93,Delta,2024-08-10
967,60,Male,1872,11,33,6.37,61.81,Borno,2024-01-06
968,65,Male,3323,7,43,6.3,50.95,Borno,2024-11-17
969,34,Male,4588,11,15,8.69,54.57,Osun,2024-08-07
970,43,Female,4399,1,2,19.98,35.94,Enugu,2024-03-15
971,53,Male,570,1,39,2.04,8.15,Kaduna,2024-01-04
972,18,Female,1026,10,44,11.99,19.33,Kano,2024-11-30
973,25,Male,3772,5,18,2.57,95.07,Cross River,2024-05-13
974,66,Female,3601,5,3,3.94,40.87,Kogi,2024-04-27
975,52,Female,4155,8,7,9.35,46.67,Ondo,2024-04-03
976,69,Female,2823,7,43,10.7,5.27,Imo,2024-03-02
977,32,Female,2602,8,18,5.92,3.76,Kaduna,2024-07-12
978,64,Male,2882,6,44,7.01,71.72,Benue,2024-11-30
979,39,Male,3957,6,38,2.65,53.81,Rivers,2024-07-21
980,31,Female,202,2,37,6.76,50.87,Ondo,2024-01-26
981,43,Female,3014,6,33,19.36,24.31,Delta,2024-06-21
982,45,Female,2966,5,44,18.95,74.48,Enugu,2024-10-26
983,40,Female,2850,3,31,7.36,16.82,Borno,2024-05-12
984,31,Female,1802,6,11,11.85,18.99,Ekiti,2024-11-21
985,41,Male,2660,8,4,18.28,46.07,Edo,2024-04-27
986,19,Male,3925,9,18,1.12,28.63,Benue,2024-11-19
987,62,Female,1154,1,4,16.4,24.75,Abia,2024-10-01
988,43,Female,2586,3,49,19.02,64.52,Lagos,2024-07-30
989,31,Male,4249,3,34,2.74,65.1,Osun,2024-08-12
990,68,Female,3904,11,29,4.07,82.45,Anambra,2024-01-20
991,24,Male,3544,8,24,19.25,41.77,Cross River,2024-04-22
992,20,Female,1964,1,22,11.21,7.31,Kogi,2024-05-19
993,64,Male,3122,5,2,1.27,27.37,Cross River,2024-02-16
994,40,Male,1056,3,44,5.9,98.0,Enugu,2024-01-01
995,63,Female,456,2,6,9.55,59.63,Cross River,2024-03-30
996,60,Male,216,8,42,14.17,70.97,Edo,2024-05-21
997,64,Female,558,3,25,14.93,0.74,Oyo,2024-11-15
998,62,Female,1711,7,21,19.91,51.82,Enugu,2024-02-07
999,35,Female,3714,11,16,6.46,3.75,Borno,2024-10-19
1000,55,Male,3539,1,31,11.23,56.92,Kogi,2024-05-18
